email,restaurant,location
lsolomon.1@example.com,,15
joneszachary.2@example.com,38,
victorlane.3@example.com,17,
christensenkatelyn.4@example.com,13,12
marc77.5@example.com,15,
taylorthomas.6@example.com,37,15
brett33.7@example.com,11,
kendramiller.8@example.com,34,
maciasrachel.9@example.com,29,
wwalton.10@example.com,,1
michaelanderson.11@example.com,,9
whiteerin.12@example.com,,6
browndavid.13@example.com,6,
asandoval.14@example.com,15,
gomezdavid.15@example.com,,8
zrobertson.16@example.com,,11
spalmer.17@example.com,9,
bbrowning.18@example.com,,11
melindacooper.19@example.com,14,14
brian77.20@example.com,31,8
carrolljames.21@example.com,22,
onealmichelle.22@example.com,,7
josephjones.23@example.com,,3
tgray.24@example.com,,2
sandrahowe.25@example.com,4,
steeleamber.26@example.com,22,
hardyashley.27@example.com,17,8
smithjames.28@example.com,29,
dana88.29@example.com,1,
kimberly23.30@example.com,,11
mullinsbrandon.31@example.com,14,
kellyproctor.32@example.com,19,
trevorgallagher.33@example.com,,2
connor12.34@example.com,,8
ecastillo.35@example.com,,7
preyes.36@example.com,3,6
valentinenancy.37@example.com,17,2
melissa41.38@example.com,2,3
psoto.39@example.com,13,8
michealthompson.40@example.com,,8
pricetanya.41@example.com,30,14
frobinson.42@example.com,,9
shawn08.43@example.com,,6
jamesrussell.44@example.com,,6
kennethdiaz.45@example.com,,12
wphillips.46@example.com,5,5
matthewpotts.47@example.com,15,4
heather62.48@example.com,30,
bethanymann.49@example.com,38,8
qnguyen.50@example.com,,15
hcole.51@example.com,,7
jeromecastaneda.52@example.com,,9
melissayu.53@example.com,4,
jdeleon.54@example.com,4,7
derrick09.55@example.com,,2
mendozaann.56@example.com,,1
tbrown.57@example.com,,6
dylan79.58@example.com,21,3
jlong.59@example.com,,4
rmurphy.60@example.com,,4
schaefernatalie.61@example.com,,10
christine61.62@example.com,6,5
jcarter.63@example.com,,10
welchkevin.64@example.com,,9
nathanroman.65@example.com,3,
sandovalpatricia.66@example.com,13,14
mary57.67@example.com,,4
nancy60.68@example.com,40,
masonjohnny.69@example.com,,1
annasparks.70@example.com,,10
tammy08.71@example.com,,9
katie90.72@example.com,,13
denisehall.73@example.com,,1
asims.74@example.com,,4
vrobinson.75@example.com,,4
ehart.76@example.com,,7
ryanwood.77@example.com,26,6
angelaaguirre.78@example.com,,7
hernandezdiane.79@example.com,5,
xblack.80@example.com,,15
rpotter.81@example.com,5,12
seanreed.82@example.com,9,3
monica43.83@example.com,2,3
rachel85.84@example.com,19,8
amy34.85@example.com,12,
karenwelch.86@example.com,26,
hnichols.87@example.com,32,
johnbrock.88@example.com,,8
walkerjoshua.89@example.com,,3
ramoswesley.90@example.com,,10
robert46.91@example.com,24,
xwheeler.92@example.com,13,2
xibarra.93@example.com,36,10
derekrowe.94@example.com,,2
jacksonamanda.95@example.com,18,
zross.96@example.com,,13
gspencer.97@example.com,,4
lynchvernon.98@example.com,,14
hunter29.99@example.com,,4
elizabethjohnson.100@example.com,35,11
yswanson.101@example.com,,10
robert46.102@example.com,,8
brandoncurry.103@example.com,30,
daisythompson.104@example.com,,12
richardhall.105@example.com,,7
rebecca08.106@example.com,2,
alee.107@example.com,,9
manueldiaz.108@example.com,35,
dramsey.109@example.com,,4
jamesjohnson.110@example.com,,15
corey08.111@example.com,39,7
ryan76.112@example.com,,2
sbowman.113@example.com,,1
ebarrett.114@example.com,,4
robertsjesse.115@example.com,25,
davidjones.116@example.com,,8
daniel28.117@example.com,,15
mlevine.118@example.com,,2
dawnwelch.119@example.com,,14
danieljohnson.120@example.com,31,12
joshuacruz.121@example.com,,8
richardvazquez.122@example.com,,10
wmiranda.123@example.com,37,
jrice.124@example.com,23,3
andersonkristina.125@example.com,28,
brianmorales.126@example.com,34,
xbaker.127@example.com,,6
gabriel78.128@example.com,,15
hendersonalicia.129@example.com,,14
wendy68.130@example.com,16,
ahudson.131@example.com,,2
brian33.132@example.com,8,7
jose93.133@example.com,,15
tammyfoley.134@example.com,,6
kdominguez.135@example.com,28,15
gsanchez.136@example.com,,4
flynntyler.137@example.com,30,
john74.138@example.com,,13
fgutierrez.139@example.com,8,15
jeffrey94.140@example.com,23,15
cindy30.141@example.com,20,5
mcdonaldcarl.142@example.com,,9
vsoto.143@example.com,8,
jamescarlos.144@example.com,8,
chelseacontreras.145@example.com,,11
tschneider.146@example.com,24,8
watkinsbianca.147@example.com,,3
greenesherry.148@example.com,10,12
bettycole.149@example.com,,10
rachael68.150@example.com,30,
briananderson.151@example.com,39,13
rpeterson.152@example.com,,11
crystal09.153@example.com,29,15
johnsonjohn.154@example.com,,13
bryanfranklin.155@example.com,3,
aimeehill.156@example.com,,2
sweeneycandace.157@example.com,1,
dmalone.158@example.com,16,8
andrewbarker.159@example.com,,7
johnstonandrea.160@example.com,23,5
kdavis.161@example.com,,13
tiffany26.162@example.com,38,8
fharvey.163@example.com,1,3
jennifer98.164@example.com,,11
kylenoble.165@example.com,,15
darlene59.166@example.com,26,12
thomasjonathan.167@example.com,,13
zhangdavid.168@example.com,,12
jamie82.169@example.com,,15
hpeterson.170@example.com,,13
pricecarrie.171@example.com,30,7
lsharp.172@example.com,36,
hopkinsangela.173@example.com,,8
ulopez.174@example.com,24,
ingramtimothy.175@example.com,28,8
kbell.176@example.com,3,2
ana77.177@example.com,26,
kimberlyrivera.178@example.com,29,6
ashleygonzalez.179@example.com,,8
robertsonbrent.180@example.com,,4
gbridges.181@example.com,5,
jamienguyen.182@example.com,,14
mcdonaldmegan.183@example.com,,9
jamesrobinson.184@example.com,2,
wdoyle.185@example.com,7,12
cooperchristina.186@example.com,37,8
ulam.187@example.com,,12
eramirez.188@example.com,32,
perrybrenda.189@example.com,,2
austinlisa.190@example.com,,12
gmartinez.191@example.com,,8
dominique76.192@example.com,,9
oneilljohn.193@example.com,,11
jake19.194@example.com,,5
jenniferpeters.195@example.com,22,
crystal90.196@example.com,1,10
zschaefer.197@example.com,22,
carolyn52.198@example.com,,5
athomas.199@example.com,,9
scott91.200@example.com,9,6
troyrichardson.201@example.com,18,
arthurfloyd.202@example.com,33,13
kevinpace.203@example.com,32,11
wrightdanielle.204@example.com,,2
swatson.205@example.com,12,7
wstephens.206@example.com,,15
fsanchez.207@example.com,28,15
penningtondeborah.208@example.com,8,
xgreen.209@example.com,,15
penny55.210@example.com,19,10
kwillis.211@example.com,31,
teresa34.212@example.com,,6
sherrylamb.213@example.com,,11
mary19.214@example.com,,15
jdavis.215@example.com,34,
dshaw.216@example.com,,10
david12.217@example.com,33,
wolfekyle.218@example.com,2,1
lweiss.219@example.com,15,9
jennifer39.220@example.com,,4
evansangelica.221@example.com,,4
pamelamiller.222@example.com,39,
brownlaura.223@example.com,,14
sandy40.224@example.com,,13
zachary13.225@example.com,14,11
ifields.226@example.com,,3
kathrynsmith.227@example.com,24,
millerjoseph.228@example.com,,9
kurt15.229@example.com,,3
joelmartin.230@example.com,29,
umathis.231@example.com,,5
danielle42.232@example.com,28,
jillbooth.233@example.com,,6
alijoseph.234@example.com,4,3
jasminegarrett.235@example.com,,7
shellytorres.236@example.com,27,
jessicalee.237@example.com,,13
scott27.238@example.com,8,
erinmaldonado.239@example.com,25,14
kyle29.240@example.com,7,
ernestrice.241@example.com,15,14
dylan78.242@example.com,5,
juliehartman.243@example.com,,13
michael05.244@example.com,25,
michaelfitzpatrick.245@example.com,12,
clarkbradley.246@example.com,,7
jasonhaynes.247@example.com,1,
burtonjennifer.248@example.com,1,
michael92.249@example.com,,7
sibarra.250@example.com,,8
